-- phpMyAdmin SQL Dump
-- version 4.8.3
-- https://www.phpmyadmin.net/
--
-- Host: 127.0.0.1
-- Generation Time: Jun 19, 2019 at 07:17 PM
-- Server version: 10.1.37-MariaDB
-- PHP Version: 7.2.12

SET SQL_MODE = "NO_AUTO_VALUE_ON_ZERO";
SET AUTOCOMMIT = 0;
START TRANSACTION;
SET time_zone = "+00:00";


/*!40101 SET @OLD_CHARACTER_SET_CLIENT=@@CHARACTER_SET_CLIENT */;
/*!40101 SET @OLD_CHARACTER_SET_RESULTS=@@CHARACTER_SET_RESULTS */;
/*!40101 SET @OLD_COLLATION_CONNECTION=@@COLLATION_CONNECTION */;
/*!40101 SET NAMES utf8mb4 */;

--
-- Database: `claim_system`
--

-- --------------------------------------------------------

--
-- Table structure for table `claim`
--

CREATE TABLE `claim` (
  `id` int(11) NOT NULL,
  `date` datetime NOT NULL DEFAULT CURRENT_TIMESTAMP,
  `text` varchar(255) COLLATE utf8_unicode_ci NOT NULL,
  `fk_user` int(11) NOT NULL
) ENGINE=InnoDB DEFAULT CHARSET=utf8 COLLATE=utf8_unicode_ci;

--
-- Dumping data for table `claim`
--

INSERT INTO `claim` (`id`, `date`, `text`, `fk_user`) VALUES
(1, '2019-06-09 00:00:00', 'Pirkejo pretenzija', 2),
(2, '2019-06-09 13:22:00', 'Tiekejo pretenzija', 3),
(3, '2019-06-19 18:10:04', 'ištaisyti', 2),
(4, '2019-06-19 18:08:13', 'negerai', 3),
(5, '2019-06-19 18:09:29', 'klaida', 2),
(6, '2019-06-18 18:05:42', 'blogai', 3);

-- --------------------------------------------------------

--
-- Table structure for table `reply`
--

CREATE TABLE `reply` (
  `id` int(11) NOT NULL,
  `text` varchar(255) COLLATE utf8_unicode_ci NOT NULL,
  `date` datetime NOT NULL DEFAULT CURRENT_TIMESTAMP,
  `fk_claim` int(11) NOT NULL
) ENGINE=InnoDB DEFAULT CHARSET=utf8 COLLATE=utf8_unicode_ci;

--
-- Dumping data for table `reply`
--

INSERT INTO `reply` (`id`, `text`, `date`, `fk_claim`) VALUES
(1, 'gerai', '2019-06-19 09:28:02', 2),
(2, 'atsakymas', '2019-06-19 09:36:23', 1),
(3, 'bus ištaisyta', '2019-06-19 11:02:58', 5),
(4, 'supratau', '2019-06-19 14:54:35', 1),
(8, 'bus pataisyta', '2019-06-19 19:52:57', 4);

-- --------------------------------------------------------

--
-- Table structure for table `users`
--

CREATE TABLE `users` (
  `id` int(11) NOT NULL,
  `username` varchar(255) COLLATE utf8_unicode_ci NOT NULL,
  `password` varchar(255) COLLATE utf8_unicode_ci NOT NULL,
  `role` varchar(255) COLLATE utf8_unicode_ci NOT NULL
) ENGINE=InnoDB DEFAULT CHARSET=utf8 COLLATE=utf8_unicode_ci;

--
-- Dumping data for table `users`
--

INSERT INTO `users` (`id`, `username`, `password`, `role`) VALUES
(1, 'administratorius', '12wGaKkN1hGuw', 'admin'),
(2, 'pirkejas', '12F.IzOL2zFRs', 'buyer'),
(3, 'tiekejas', '12lKOD8xYP/RU', 'supplier');

--
-- Indexes for dumped tables
--

--
-- Indexes for table `claim`
--
ALTER TABLE `claim`
  ADD PRIMARY KEY (`id`),
  ADD KEY `fk_user` (`fk_user`);

--
-- Indexes for table `reply`
--
ALTER TABLE `reply`
  ADD PRIMARY KEY (`id`),
  ADD KEY `fk_claim` (`fk_claim`);

--
-- Indexes for table `users`
--
ALTER TABLE `users`
  ADD PRIMARY KEY (`id`);

--
-- AUTO_INCREMENT for dumped tables
--

--
-- AUTO_INCREMENT for table `claim`
--
ALTER TABLE `claim`
  MODIFY `id` int(11) NOT NULL AUTO_INCREMENT, AUTO_INCREMENT=10;

--
-- AUTO_INCREMENT for table `reply`
--
ALTER TABLE `reply`
  MODIFY `id` int(11) NOT NULL AUTO_INCREMENT, AUTO_INCREMENT=9;

--
-- AUTO_INCREMENT for table `users`
--
ALTER TABLE `users`
  MODIFY `id` int(11) NOT NULL AUTO_INCREMENT, AUTO_INCREMENT=4;

--
-- Constraints for dumped tables
--

--
-- Constraints for table `claim`
--
ALTER TABLE `claim`
  ADD CONSTRAINT `claim_ibfk_1` FOREIGN KEY (`fk_user`) REFERENCES `users` (`id`);

--
-- Constraints for table `reply`
--
ALTER TABLE `reply`
  ADD CONSTRAINT `reply_ibfk_1` FOREIGN KEY (`fk_claim`) REFERENCES `claim` (`id`);
COMMIT;

/*!40101 SET CHARACTER_SET_CLIENT=@OLD_CHARACTER_SET_CLIENT */;
/*!40101 SET CHARACTER_SET_RESULTS=@OLD_CHARACTER_SET_RESULTS */;
/*!40101 SET COLLATION_CONNECTION=@OLD_COLLATION_CONNECTION */;
